Participant,Phase,StressSelf10,StressPred_cont,StressLevel10,meanHR_MyDev,SDNN_MyDev,RMSSD_MyDev,pNN50_MyDev,EDAmean_MyDev,EDAslope_MyDev,dHR,dSDNN,dRMSSD,dpNN50,dEDAmean,dEDAslope,TraitStress_z
7,Arithmetic,8,6.76868388308705,7,119.706577974869,28.8168395584679,1.72126758641753,0.0422386483632524,2.72757768469833,-0.00276658142867633,6.51867973426,9.1246286627906,0.23793147676849,0.0303494556394383,1.66235528527255,0.00081771141779147,0.607373393411656
7,Cold Press,10,7.29919859075416,7,128.452118644068,29.7004428870744,1.40711635259798,0,2.82947490845518,0.0203927080193871,15.264220403459,10.0082319913971,-0.0762197570510601,-0.0118891927238141,1.7642525090294,0.0239770008658549,0.607373393411656
7,Prep TSST,NaN,6.84012642092759,7,115.598788908953,23.1983476866764,1.28146094440857,0.0106247343816405,1.36189499863653,0.006886988329468,2.410890668344,3.5061367909991,-0.20187516524047,-0.0012644583421736,0.29667259921075,0.0104712811759358,0.607373393411656
7,Relax 1,6,6.62915423425857,7,113.187898240609,19.6922108956773,1.48333610964904,0.0118891927238141,1.06522239942578,-0.0035842928464678,0,0,0,0,0,0,0.607373393411656
7,Relax 2,NaN,6.87574347002939,7,116.32627147571,24.744124643772,1.27589486718011,0,2.2110943479739,-0.00180395190954011,3.138373235101,5.0519137480947,-0.20744124246893,-0.0118891927238141,1.14587194854812,0.00178034093692769,0.607373393411656
7,Relax 3,NaN,6.75909636926312,7,113.229077253219,26.0415038586067,1.26070482075653,0.0102197240674502,2.53823493644642,-0.003129020399444,0.0411790126100016,6.3492929629294,-0.22263128889251,-0.0016694686563639,1.47301253702064,0.0004552724470238,0.607373393411656
7,Relax 4,NaN,6.95317819049657,7,114.861807683242,29.0081167332079,1.03157565193903,0,2.75410221080651,-0.00514172748978389,1.673909442633,9.3159058375306,-0.45176045771001,-0.0118891927238141,1.68887981138073,-0.00155743464331609,0.607373393411656
7,Stroop,6,7.23713316898605,7,117.824990984494,10.0538887834467,0.737417566457547,0,2.87562869197916,0.0250020303908831,4.63709274388499,-9.6383221122306,-0.745918543191493,-0.0118891927238141,1.81040629255338,0.0285863232373509,0.607373393411656
7,TSST Speech,4,7.62590075712853,8,132.387184859277,20.7546893527235,1.10693836066317,0.0139684313451599,2.89908412651082,0.00244778153710343,19.199286618668,1.0624784570462,-0.37639774898587,0.0020792386213458,1.83386172708504,0.00603207438357123,0.607373393411656
